1, minecraft:pillager_outpost, HEADING, header:ignore, 0, 0, 0
2, minecraft:pillager_outpost, MONSTER, minecraft:pillager, 10, 1, 1
3, minecraft:mineshaft, HEADING, header:ignore, 0, 0, 0
4, minecraft:mineshaft, AMBIENT, alexsmobs:underminer, 50, 1, 1
5, minecraft:mineshaft_mesa, HEADING, header:ignore, 0, 0, 0
6, minecraft:mineshaft_mesa, AMBIENT, alexsmobs:underminer, 50, 1, 1
7, minecraft:mansion, HEADING, header:ignore, 0, 0, 0
8, minecraft:jungle_pyramid, HEADING, header:ignore, 0, 0, 0
9, minecraft:jungle_pyramid, MONSTER, dungeons_mobs:whisperer, 10, 1, 1
10, minecraft:jungle_pyramid, MONSTER, dungeons_mobs:leapleaf, 10, 1, 1
11, minecraft:desert_pyramid, HEADING, header:ignore, 0, 0, 0
12, minecraft:desert_pyramid, MONSTER, dungeons_mobs:skeleton_vanguard, 10, 1, 5
13, minecraft:igloo, HEADING, header:ignore, 0, 0, 0
14, minecraft:shipwreck, HEADING, header:ignore, 0, 0, 0
15, minecraft:shipwreck, MONSTER, alexsmobs:skelewag, 15, 1, 2
16, minecraft:shipwreck_beached, HEADING, header:ignore, 0, 0, 0
17, minecraft:swamp_hut, HEADING, header:ignore, 0, 0, 0
18, minecraft:swamp_hut, MONSTER, minecraft:witch, 10, 1, 1
19, minecraft:swamp_hut, CREATURE, minecraft:cat, 10, 1, 1
20, minecraft:stronghold, HEADING, header:ignore, 0, 0, 0
21, minecraft:monument, HEADING, header:ignore, 0, 0, 0
22, minecraft:monument, MONSTER, minecraft:guardian, 10, 2, 4
23, minecraft:ocean_ruin_cold, HEADING, header:ignore, 0, 0, 0
24, minecraft:ocean_ruin_warm, HEADING, header:ignore, 0, 0, 0
25, minecraft:fortress, HEADING, header:ignore, 0, 0, 0
26, minecraft:fortress, MONSTER, minecraft:blaze, 10, 2, 3
27, minecraft:fortress, MONSTER, minecraft:zombified_piglin, 10, 4, 4
28, minecraft:fortress, MONSTER, minecraft:wither_skeleton, 10, 5, 5
29, minecraft:fortress, MONSTER, minecraft:skeleton, 10, 5, 5
30, minecraft:fortress, MONSTER, minecraft:magma_cube, 10, 4, 4
31, minecraft:fortress, MONSTER, dungeons_mobs:wildfire, 10, 1, 1
32, minecraft:nether_fossil, HEADING, header:ignore, 0, 0, 0
33, minecraft:nether_fossil, MONSTER, alexsmobs:soul_vulture, 30, 1, 1
34, minecraft:end_city, HEADING, header:ignore, 0, 0, 0
35, minecraft:end_city, MONSTER, alexsmobs:mimicube, 40, 1, 3
36, minecraft:buried_treasure, HEADING, header:ignore, 0, 0, 0
37, minecraft:bastion_remnant, HEADING, header:ignore, 0, 0, 0
38, minecraft:village_plains, HEADING, header:ignore, 0, 0, 0
39, minecraft:village_desert, HEADING, header:ignore, 0, 0, 0
40, minecraft:village_savanna, HEADING, header:ignore, 0, 0, 0
41, minecraft:village_snowy, HEADING, header:ignore, 0, 0, 0
42, minecraft:village_taiga, HEADING, header:ignore, 0, 0, 0
43, minecraft:ruined_portal, HEADING, header:ignore, 0, 0, 0
44, minecraft:ruined_portal_desert, HEADING, header:ignore, 0, 0, 0
45, minecraft:ruined_portal_jungle, HEADING, header:ignore, 0, 0, 0
46, minecraft:ruined_portal_swamp, HEADING, header:ignore, 0, 0, 0
47, minecraft:ruined_portal_mountain, HEADING, header:ignore, 0, 0, 0
48, minecraft:ruined_portal_ocean, HEADING, header:ignore, 0, 0, 0
49, minecraft:ruined_portal_nether, HEADING, header:ignore, 0, 0, 0
50, minecraft:ancient_city, HEADING, header:ignore, 0, 0, 0
51, blue_skies:frozen_bunker, HEADING, header:ignore, 0, 0, 0
52, blue_skies:everbright_blinding_dungeon, HEADING, header:ignore, 0, 0, 0
53, blue_skies:everdawn_blinding_dungeon, HEADING, header:ignore, 0, 0, 0
54, blue_skies:nature_dungeon, HEADING, header:ignore, 0, 0, 0
55, blue_skies:nature_dungeon, MONSTER, blue_skies:stonelet, 10, 1, 1
56, blue_skies:nature_dungeon, MONSTER, blue_skies:spewter, 10, 1, 1
57, blue_skies:poison_dungeon, HEADING, header:ignore, 0, 0, 0
58, blue_skies:poison_dungeon, MONSTER, minecraft:cave_spider, 10, 1, 1
59, blue_skies:poison_dungeon, MONSTER, blue_skies:venom_spider, 10, 1, 1
60, blue_skies:gatekeeper_house_mountain, HEADING, header:ignore, 0, 0, 0
61, blue_skies:gatekeeper_house_plains, HEADING, header:ignore, 0, 0, 0
62, blue_skies:gatekeeper_house_snowy, HEADING, header:ignore, 0, 0, 0
63, blue_skies:village_calming_skies, HEADING, header:ignore, 0, 0, 0
64, blue_skies:village_crystal_dunes, HEADING, header:ignore, 0, 0, 0
65, blue_skies:village_brightlands, HEADING, header:ignore, 0, 0, 0
66, blue_skies:village_shaded_woodlands, HEADING, header:ignore, 0, 0, 0
67, blue_skies:village_sunset_maple_forest, HEADING, header:ignore, 0, 0, 0
68, blue_skies:village_slushlands, HEADING, header:ignore, 0, 0, 0
69, conjurer_illager:theatre, HEADING, header:ignore, 0, 0, 0
70, infernalexp:glowstone_canyon_ruin, HEADING, header:ignore, 0, 0, 0
71, infernalexp:soul_sand_valley_ruin, HEADING, header:ignore, 0, 0, 0
72, infernalexp:bastion_outpost, HEADING, header:ignore, 0, 0, 0
73, infernalexp:strider_altar, HEADING, header:ignore, 0, 0, 0
74, towns_and_towers:village_birch_forest, HEADING, header:ignore, 0, 0, 0
75, terralith:zpointer/terralith_savanna_badlands, HEADING, header:ignore, 0, 0, 0
76, towns_and_towers:village_swamp, HEADING, header:ignore, 0, 0, 0
77, betterfortresses:fortress, HEADING, header:ignore, 0, 0, 0
78, betterfortresses:fortress, MONSTER, minecraft:blaze, 10, 2, 3
79, betterfortresses:fortress, MONSTER, minecraft:zombified_piglin, 10, 4, 4
80, betterfortresses:fortress, MONSTER, minecraft:wither_skeleton, 10, 5, 5
81, betterfortresses:fortress, MONSTER, minecraft:skeleton, 10, 5, 5
82, betterfortresses:fortress, MONSTER, minecraft:magma_cube, 10, 4, 4
83, towns_and_towers:pillager_outpost_sunflower_plains, HEADING, header:ignore, 0, 0, 0
84, towns_and_towers:pillager_outpost_sunflower_plains, MONSTER, minecraft:pillager, 10, 1, 2
85, terralith:zpointer/minecraft_lukewarm_ocean, HEADING, header:ignore, 0, 0, 0
86, terralith:zpointer/terralith_orchid_swamp, HEADING, header:ignore, 0, 0, 0
87, ctov:small/village_underground, HEADING, header:ignore, 0, 0, 0
88, idas:abandonedhouse, HEADING, header:ignore, 0, 0, 0
89, ctov:pillager_outpost_desert, HEADING, header:ignore, 0, 0, 0
90, ctov:pillager_outpost_desert, MONSTER, minecraft:pillager, 10, 1, 1
91, ctov:pillager_outpost_desert, MONSTER, minecraft:evoker, 10, 1, 1
92, ctov:pillager_outpost_desert, MONSTER, minecraft:vindicator, 10, 1, 1
93, ctov:pillager_outpost_desert, MONSTER, minecraft:witch, 10, 1, 1
94, idas:bazaar, HEADING, header:ignore, 0, 0, 0
95, terralith:zpointer/terralith_sakura_valley, HEADING, header:ignore, 0, 0, 0
96, terralith:zpointer/minecraft_sunflower_plains, HEADING, header:ignore, 0, 0, 0
97, bettermineshafts:mineshaft_dripstone, HEADING, header:ignore, 0, 0, 0
98, bettermineshafts:mineshaft_dripstone, AMBIENT, alexsmobs:underminer, 50, 1, 1
99, ctov:small/village_jungle, HEADING, header:ignore, 0, 0, 0
100, dungeons_arise:illager_fort, HEADING, header:ignore, 0, 0, 0
101, ctov:large/village_underground, HEADING, header:ignore, 0, 0, 0
102, towns_and_towers:village_grove, HEADING, header:ignore, 0, 0, 0
103, ctov:large/village_jungle, HEADING, header:ignore, 0, 0, 0
104, bettermineshafts:mineshaft_spruce_snowy, HEADING, header:ignore, 0, 0, 0
105, bettermineshafts:mineshaft_spruce_snowy, AMBIENT, alexsmobs:underminer, 50, 1, 1
106, ctov:large/village_plains, HEADING, header:ignore, 0, 0, 0
107, terralith:zpointer/terralith_bryce_canyon, HEADING, header:ignore, 0, 0, 0
108, totw_modded:regular, HEADING, header:ignore, 0, 0, 0
109, terralith:zpointer/terralith_scarlet_mountains, HEADING, header:ignore, 0, 0, 0
110, ctov:small/village_savanna, HEADING, header:ignore, 0, 0, 0
111, terralith:fortified_village, HEADING, header:ignore, 0, 0, 0
112, terralith:zpointer/minecraft_windswept_hills, HEADING, header:ignore, 0, 0, 0
113, nullscape:dragon_skeleton, HEADING, header:ignore, 0, 0, 0
114, terralith:zpointer/minecraft_stony_shore, HEADING, header:ignore, 0, 0, 0
115, ctov:medium/village_swamp, HEADING, header:ignore, 0, 0, 0
116, towns_and_towers:exclusives/village_nilotic, HEADING, header:ignore, 0, 0, 0
117, towns_and_towers:village_wooded_badlands, HEADING, header:ignore, 0, 0, 0
118, idas:necromancers_spire, HEADING, header:ignore, 0, 0, 0
119, idas:necromancers_spire, MONSTER, quark:wraith, 10, 1, 1
120, idas:desert_camp/desert_camp_red, HEADING, header:ignore, 0, 0, 0
121, tetra:regular_ruin, HEADING, header:ignore, 0, 0, 0
122, tetra:regular_ruin, MONSTER, minecraft:stray, 10, 4, 16
123, totw_modded:badlands, HEADING, header:ignore, 0, 0, 0
124, dungeons_arise:greenwood_pub, HEADING, header:ignore, 0, 0, 0
125, terralith:zpointer/terralith_savanna_slopes, HEADING, header:ignore, 0, 0, 0
126, idas:ancient_portal/ancient_portal, HEADING, header:ignore, 0, 0, 0
127, idas:ancient_portal/ancient_portal, MONSTER, minecraft:silverfish, 10, 1, 4
128, idas:ancient_portal/ancient_portal, MONSTER, quark:wraith, 10, 1, 4
129, towns_and_towers:pillager_outpost_snowy_slopes, HEADING, header:ignore, 0, 0, 0
130, towns_and_towers:pillager_outpost_snowy_slopes, MONSTER, minecraft:pillager, 10, 1, 2
131, terralith:zpointer/terralith_temperate_highlands, HEADING, header:ignore, 0, 0, 0
132, incendium:sanctum, HEADING, header:ignore, 0, 0, 0
133, incendium:sanctum, MONSTER, minecraft:skeleton, 10, 1, 1
134, idas:labyrinth, HEADING, header:ignore, 0, 0, 0
135, terralith:zpointer/terralith_snowy_badlands, HEADING, header:ignore, 0, 0, 0
136, terralith:zpointer/terralith_jungle_mountains, HEADING, header:ignore, 0, 0, 0
137, ctov:small/village_taiga, HEADING, header:ignore, 0, 0, 0
138, terralith:zpointer/terralith_desert_canyon, HEADING, header:ignore, 0, 0, 0
139, idas:pillager_fortress, HEADING, header:ignore, 0, 0, 0
140, terralith:zpointer/terralith_warped_mesa, HEADING, header:ignore, 0, 0, 0
141, dungeons_arise:wishing_well, HEADING, header:ignore, 0, 0, 0
142, terralith:zpointer/minecraft_jungle, HEADING, header:ignore, 0, 0, 0
143, terralith:zpointer/minecraft_forest, HEADING, header:ignore, 0, 0, 0
144, ctov:large/village_dark_forest, HEADING, header:ignore, 0, 0, 0
145, towns_and_towers:pillager_outpost_grove, HEADING, header:ignore, 0, 0, 0
146, towns_and_towers:pillager_outpost_grove, MONSTER, minecraft:pillager, 10, 1, 2
147, idas:haunted_manor, HEADING, header:ignore, 0, 0, 0
148, idas:haunted_manor, MONSTER, quark:wraith, 10, 3, 4
149, towns_and_towers:village_jungle, HEADING, header:ignore, 0, 0, 0
150, ctov:small/village_desert, HEADING, header:ignore, 0, 0, 0
151, idas:lumber_camp/lumber_camp_dark_oak, HEADING, header:ignore, 0, 0, 0
152, terralith:glacial_hut, HEADING, header:ignore, 0, 0, 0
153, idas:lumber_camp/lumber_camp_birch, HEADING, header:ignore, 0, 0, 0
154, dungeons_arise:typhon, HEADING, header:ignore, 0, 0, 0
155, ctov:large/village_swamp, HEADING, header:ignore, 0, 0, 0
156, ctov:small/village_mesa, HEADING, header:ignore, 0, 0, 0
157, terralith:spire, HEADING, header:ignore, 0, 0, 0
158, terralith:zpointer/minecraft_windswept_gravelly_hills, HEADING, header:ignore, 0, 0, 0
159, terralith:zpointer/terralith_amethyst_canyon, HEADING, header:ignore, 0, 0, 0
160, terralith:zpointer/terralith_sandstone_valley, HEADING, header:ignore, 0, 0, 0
161, terralith:zpointer/minecraft_sparse_jungle, HEADING, header:ignore, 0, 0, 0
162, ctov:pillager_outpost_swamp, HEADING, header:ignore, 0, 0, 0
163, ctov:pillager_outpost_swamp, MONSTER, minecraft:pillager, 10, 1, 1
164, ctov:pillager_outpost_swamp, MONSTER, minecraft:evoker, 10, 1, 1
165, ctov:pillager_outpost_swamp, MONSTER, minecraft:vindicator, 10, 1, 1
166, ctov:pillager_outpost_swamp, MONSTER, minecraft:witch, 10, 1, 1
167, terralith:zpointer/terralith_desert_oasis, HEADING, header:ignore, 0, 0, 0
168, idas:nexus, HEADING, header:ignore, 0, 0, 0
169, idas:nexus, MONSTER, minecraft:silverfish, 10, 1, 4
170, idas:nexus, MONSTER, quark:wraith, 10, 1, 4
171, ctov:small/village_swamp, HEADING, header:ignore, 0, 0, 0
172, towns_and_towers:pillager_outpost_jungle, HEADING, header:ignore, 0, 0, 0
173, towns_and_towers:pillager_outpost_jungle, MONSTER, minecraft:pillager, 10, 1, 2
174, towns_and_towers:village_beach, HEADING, header:ignore, 0, 0, 0
175, terralith:zpointer/terralith_white_cliffs, HEADING, header:ignore, 0, 0, 0
176, ctov:medium/village_underground, HEADING, header:ignore, 0, 0, 0
177, terralith:zpointer/terralith_cloud_forest, HEADING, header:ignore, 0, 0, 0
178, idas:desert_camp/desert_camp_orange, HEADING, header:ignore, 0, 0, 0
179, aquamirae:outpost, HEADING, header:ignore, 0, 0, 0
180, aquamirae:outpost, MONSTER, minecraft:pillager, 10, 1, 2
181, aquamirae:outpost, MONSTER, minecraft:vindicator, 10, 1, 1
182, towns_and_towers:pillager_outpost_forest, HEADING, header:ignore, 0, 0, 0
183, towns_and_towers:pillager_outpost_forest, MONSTER, minecraft:pillager, 10, 1, 2
184, towns_and_towers:exclusives/village_wandering_trader_camp, HEADING, header:ignore, 0, 0, 0
185, bettermineshafts:mineshaft_oak, HEADING, header:ignore, 0, 0, 0
186, bettermineshafts:mineshaft_oak, AMBIENT, alexsmobs:underminer, 50, 1, 1
187, terralith:zpointer/terralith_moonlight_grove, HEADING, header:ignore, 0, 0, 0
188, witherstormmod:storm_spawn_platform, HEADING, header:ignore, 0, 0, 0
189, totw_modded:tw_mangrove, HEADING, header:ignore, 0, 0, 0
190, terralith:zpointer/terralith_volcanic_crater, HEADING, header:ignore, 0, 0, 0
191, idas:desert_market/desert_market_orange, HEADING, header:ignore, 0, 0, 0
192, cataclysm:soul_black_smith, HEADING, header:ignore, 0, 0, 0
193, terralith:zpointer/terralith_alpine_grove, HEADING, header:ignore, 0, 0, 0
194, dungeons_arise:illager_windmill, HEADING, header:ignore, 0, 0, 0
195, idas:pillager_camp, HEADING, header:ignore, 0, 0, 0
196, terralith:zpointer/terralith_desert_spires, HEADING, header:ignore, 0, 0, 0
197, terralith:zpointer/terralith_snowy_shield, HEADING, header:ignore, 0, 0, 0
198, ctov:pillager_outpost_beach, HEADING, header:ignore, 0, 0, 0
199, ctov:pillager_outpost_beach, MONSTER, minecraft:pillager, 10, 1, 1
200, ctov:pillager_outpost_beach, MONSTER, minecraft:evoker, 10, 1, 1
201, ctov:pillager_outpost_beach, MONSTER, minecraft:vindicator, 10, 1, 1
202, ctov:pillager_outpost_beach, MONSTER, minecraft:witch, 10, 1, 1
203, towns_and_towers:pillager_outpost_desert, HEADING, header:ignore, 0, 0, 0
204, towns_and_towers:pillager_outpost_desert, MONSTER, minecraft:pillager, 10, 1, 2
205, ctov:large/village_mesa, HEADING, header:ignore, 0, 0, 0
206, terralith:zpointer/minecraft_savanna_plateau, HEADING, header:ignore, 0, 0, 0
207, tetra:extractor_ruin, HEADING, header:ignore, 0, 0, 0
208, terralith:zpointer/terralith_birch_taiga, HEADING, header:ignore, 0, 0, 0
209, terralith:zpointer/terralith_lavender_valley, HEADING, header:ignore, 0, 0, 0
210, totw_modded:mercury, HEADING, header:ignore, 0, 0, 0
211, nullscape:phantom_nest, HEADING, header:ignore, 0, 0, 0
212, ctov:medium/village_savanna, HEADING, header:ignore, 0, 0, 0
213, autumnity:maple_hut, HEADING, header:ignore, 0, 0, 0
214, autumnity:maple_hut, MONSTER, minecraft:witch, 10, 1, 1
215, autumnity:maple_hut, CREATURE, minecraft:cat, 10, 1, 1
216, dungeons_arise:small_prairie_house, HEADING, header:ignore, 0, 0, 0
217, towns_and_towers:pillager_outpost_sparse_jungle, HEADING, header:ignore, 0, 0, 0
218, towns_and_towers:pillager_outpost_sparse_jungle, MONSTER, minecraft:pillager, 10, 1, 2
219, terralith:zpointer/minecraft_deep_lukewarm_ocean, HEADING, header:ignore, 0, 0, 0
220, terralith:zpointer/terralith_rocky_jungle, HEADING, header:ignore, 0, 0, 0
221, totw_modded:nether, HEADING, header:ignore, 0, 0, 0
222, terralith:zpointer/terralith_sakura_grove, HEADING, header:ignore, 0, 0, 0
223, totw_modded:everdawn, HEADING, header:ignore, 0, 0, 0
224, idas:castle, HEADING, header:ignore, 0, 0, 0
225, betterdeserttemples:desert_temple, HEADING, header:ignore, 0, 0, 0
226, betterdeserttemples:desert_temple, MONSTER, minecraft:husk, 80, 10, 32
227, betterdeserttemples:desert_temple, CREATURE, minecraft:cat, 80, 4, 4
228, betterdeserttemples:desert_temple, CREATURE, minecraft:rabbit, 80, 4, 4
229, terralith:zpointer/minecraft_grove, HEADING, header:ignore, 0, 0, 0
230, terralith:zpointer/terralith_red_oasis, HEADING, header:ignore, 0, 0, 0
231, aquamirae:shelter, HEADING, header:ignore, 0, 0, 0
232, idas:animal_den/foxhound_den, HEADING, header:ignore, 0, 0, 0
233, towns_and_towers:exclusives/pillager_outpost_iberian, HEADING, header:ignore, 0, 0, 0
234, towns_and_towers:exclusives/pillager_outpost_iberian, MONSTER, minecraft:pillager, 10, 1, 2
235, idas:bearclaw_inn, HEADING, header:ignore, 0, 0, 0
236, dungeons_arise:small_blimp, HEADING, header:ignore, 0, 0, 0
237, aquamirae:ice_maze/spiral, HEADING, header:ignore, 0, 0, 0
238, aquamirae:ice_maze/spiral, MONSTER, aquamirae:maw, 50, 2, 6
239, idas:farmhouse, HEADING, header:ignore, 0, 0, 0
240, terralith:zpointer/terralith_painted_mountains, HEADING, header:ignore, 0, 0, 0
241, ctov:large/village_savanna, HEADING, header:ignore, 0, 0, 0
242, dungeons_arise:aviary, HEADING, header:ignore, 0, 0, 0
243, dungeons_arise:aviary, MONSTER, minecraft:phantom, 60, 2, 3
244, idas:desert_camp/desert_camp_bygwindswept, HEADING, header:ignore, 0, 0, 0
245, terralith:zpointer/minecraft_frozen_river, HEADING, header:ignore, 0, 0, 0
246, terralith:zpointer/minecraft_plains, HEADING, header:ignore, 0, 0, 0
247, dungeons_arise:heavenly_rider, HEADING, header:ignore, 0, 0, 0
248, terralith:zpointer/terralith_arid_highlands, HEADING, header:ignore, 0, 0, 0
249, terralith:zpointer/terralith_stony_spires, HEADING, header:ignore, 0, 0, 0
250, terralith:zpointer/minecraft_river, HEADING, header:ignore, 0, 0, 0
251, ctov:large/village_mountain, HEADING, header:ignore, 0, 0, 0
252, terralith:zpointer/terralith_hot_shrubland, HEADING, header:ignore, 0, 0, 0
253, idas:sunken_ship/sunken_ship_ruins, HEADING, header:ignore, 0, 0, 0
254, terralith:zpointer/terralith_cold_shrubland, HEADING, header:ignore, 0, 0, 0
255, terralith:underground/witch_hut, HEADING, header:ignore, 0, 0, 0
256, ctov:medium/village_plains, HEADING, header:ignore, 0, 0, 0
257, aquamirae:ship, HEADING, header:ignore, 0, 0, 0
258, aquamirae:ship, MONSTER, minecraft:pillager, 10, 1, 2
259, aquamirae:ship, MONSTER, minecraft:vindicator, 10, 1, 1
260, towns_and_towers:exclusives/pillager_outpost_oriental, HEADING, header:ignore, 0, 0, 0
261, towns_and_towers:exclusives/pillager_outpost_oriental, MONSTER, minecraft:pillager, 10, 1, 2
262, dungeons_arise:heavenly_conqueror, HEADING, header:ignore, 0, 0, 0
263, incendium:piglin_village, HEADING, header:ignore, 0, 0, 0
264, ctov:pillager_outpost_mountain, HEADING, header:ignore, 0, 0, 0
265, ctov:pillager_outpost_mountain, MONSTER, minecraft:pillager, 10, 1, 1
266, ctov:pillager_outpost_mountain, MONSTER, minecraft:evoker, 10, 1, 1
267, ctov:pillager_outpost_mountain, MONSTER, minecraft:vindicator, 10, 1, 1
268, ctov:pillager_outpost_mountain, MONSTER, minecraft:witch, 10, 1, 1
269, towns_and_towers:pillager_outpost_badlands, HEADING, header:ignore, 0, 0, 0
270, towns_and_towers:pillager_outpost_badlands, MONSTER, minecraft:pillager, 10, 1, 2
271, towns_and_towers:pillager_outpost_snowy_plains, HEADING, header:ignore, 0, 0, 0
272, towns_and_towers:pillager_outpost_snowy_plains, MONSTER, minecraft:pillager, 10, 1, 2
273, terralith:zpointer/terralith_blooming_plateau, HEADING, header:ignore, 0, 0, 0
274, idas:desert_market/desert_market_red, HEADING, header:ignore, 0, 0, 0
275, terralith:zpointer/terralith_siberian_taiga, HEADING, header:ignore, 0, 0, 0
276, totw_modded:jungle, HEADING, header:ignore, 0, 0, 0
277, totw_modded:derelict_grass, HEADING, header:ignore, 0, 0, 0
278, dungeons_arise:mushroom_village, HEADING, header:ignore, 0, 0, 0
279, terralith:zpointer/minecraft_windswept_forest, HEADING, header:ignore, 0, 0, 0
280, idas:enchantingtower, HEADING, header:ignore, 0, 0, 0
281, terralith:zpointer/terralith_skylands, HEADING, header:ignore, 0, 0, 0
282, terralith:zpointer/terralith_ashen_savanna, HEADING, header:ignore, 0, 0, 0
283, bettermineshafts:mineshaft_mushroom, HEADING, header:ignore, 0, 0, 0
284, bettermineshafts:mineshaft_mushroom, AMBIENT, alexsmobs:underminer, 50, 1, 1
285, paraglider:tarrey_town_goddess_statue, HEADING, header:ignore, 0, 0, 0
286, ctov:small/village_plains, HEADING, header:ignore, 0, 0, 0
287, idas:desert_camp/desert_camp, HEADING, header:ignore, 0, 0, 0
288, terralith:underground/frosted_dungeon, HEADING, header:ignore, 0, 0, 0
289, terralith:zpointer/minecraft_dripstone_caves, HEADING, header:ignore, 0, 0, 0
290, towns_and_towers:wreckage_ocean, HEADING, header:ignore, 0, 0, 0
291, terralith:zpointer/minecraft_taiga, HEADING, header:ignore, 0, 0, 0
292, idas:wizard_tower, HEADING, header:ignore, 0, 0, 0
293, terralith:zpointer/minecraft_ice_spikes, HEADING, header:ignore, 0, 0, 0
294, cataclysm:ruined_citadel, HEADING, header:ignore, 0, 0, 0
295, cataclysm:ruined_citadel, MONSTER, cataclysm:endermaptera, 10, 1, 1
296, idas:lumber_camp/lumber_camp_bygredwood, HEADING, header:ignore, 0, 0, 0
297, idas:desert_market/desert_market, HEADING, header:ignore, 0, 0, 0
298, bettermineshafts:mineshaft_overgrown, HEADING, header:ignore, 0, 0, 0
299, bettermineshafts:mineshaft_overgrown, AMBIENT, alexsmobs:underminer, 50, 1, 1
300, idas:treetop_tavern, HEADING, header:ignore, 0, 0, 0
301, towns_and_towers:pillager_outpost_taiga, HEADING, header:ignore, 0, 0, 0
302, towns_and_towers:pillager_outpost_taiga, MONSTER, minecraft:pillager, 10, 1, 2
303, terralith:underground/old_refinery, HEADING, header:ignore, 0, 0, 0
304, towns_and_towers:exclusives/pillager_outpost_tudor, HEADING, header:ignore, 0, 0, 0
305, towns_and_towers:exclusives/pillager_outpost_tudor, MONSTER, minecraft:pillager, 10, 1, 2
306, idas:underground_camp/underground_camp, HEADING, header:ignore, 0, 0, 0
307, ctov:large/village_taiga, HEADING, header:ignore, 0, 0, 0
308, towns_and_towers:village_snowy_taiga, HEADING, header:ignore, 0, 0, 0
309, ctov:large/village_mushroom, HEADING, header:ignore, 0, 0, 0
310, towns_and_towers:exclusives/village_mediterranean, HEADING, header:ignore, 0, 0, 0
311, dungeons_arise:bathhouse, HEADING, header:ignore, 0, 0, 0
312, terralith:zpointer/terralith_tropical_jungle, HEADING, header:ignore, 0, 0, 0
313, cataclysm:burning_arena, HEADING, header:ignore, 0, 0, 0
314, totw_modded:derelict, HEADING, header:ignore, 0, 0, 0
315, terralith:zpointer/terralith_shield, HEADING, header:ignore, 0, 0, 0
316, towns_and_towers:village_snowy_slopes, HEADING, header:ignore, 0, 0, 0
317, netherdepthsupgrade:nether_fortress_piece, HEADING, header:ignore, 0, 0, 0
318, netherdepthsupgrade:nether_fortress_piece, WATER_AMBIENT, netherdepthsupgrade:blazefish, 10, 3, 4
319, terralith:zpointer/terralith_valley_clearing, HEADING, header:ignore, 0, 0, 0
320, betterwitchhuts:witch_hut, HEADING, header:ignore, 0, 0, 0
321, betterwitchhuts:witch_hut, MONSTER, minecraft:witch, 10, 1, 1
322, betterwitchhuts:witch_hut, CREATURE, minecraft:cat, 10, 1, 1
323, terralith:zpointer/terralith_moonlight_valley, HEADING, header:ignore, 0, 0, 0
324, towns_and_towers:pillager_outpost_snowy_taiga, HEADING, header:ignore, 0, 0, 0
325, towns_and_towers:pillager_outpost_snowy_taiga, MONSTER, minecraft:pillager, 10, 1, 2
326, terralith:underground/giant_bee_hive, HEADING, header:ignore, 0, 0, 0
327, terralith:zpointer/minecraft_desert, HEADING, header:ignore, 0, 0, 0
328, totw_modded:end, HEADING, header:ignore, 0, 0, 0
329, ctov:small/village_mushroom, HEADING, header:ignore, 0, 0, 0
330, idas:lumber_camp/lumber_camp_bopmahogany, HEADING, header:ignore, 0, 0, 0
331, ctov:medium/village_mushroom, HEADING, header:ignore, 0, 0, 0
332, terralith:zpointer/terralith_volcanic_peaks, HEADING, header:ignore, 0, 0, 0
333, totw_modded:everbright, HEADING, header:ignore, 0, 0, 0
334, towns_and_towers:village_forest, HEADING, header:ignore, 0, 0, 0
335, terralith:zpointer/minecraft_deep_frozen_ocean, HEADING, header:ignore, 0, 0, 0
336, terralith:zpointer/terralith_forested_highlands, HEADING, header:ignore, 0, 0, 0
337, incendium:pipeline, HEADING, header:ignore, 0, 0, 0
338, betterdungeons:small_nether_dungeon, HEADING, header:ignore, 0, 0, 0
339, terralith:zpointer/terralith_alpha_islands, HEADING, header:ignore, 0, 0, 0
340, towns_and_towers:pillager_outpost_old_growth_taiga, HEADING, header:ignore, 0, 0, 0
341, towns_and_towers:pillager_outpost_old_growth_taiga, MONSTER, minecraft:pillager, 10, 1, 2
342, idas:ancient_statue/ancient_statue_jungle, HEADING, header:ignore, 0, 0, 0
343, terralith:zpointer/terralith_siberian_grove, HEADING, header:ignore, 0, 0, 0
344, idas:hermits_hollow, HEADING, header:ignore, 0, 0, 0
345, towns_and_towers:pillager_outpost_snowy_beach, HEADING, header:ignore, 0, 0, 0
346, towns_and_towers:pillager_outpost_snowy_beach, MONSTER, minecraft:pillager, 10, 1, 2
347, dungeons_arise:mushroom_house, HEADING, header:ignore, 0, 0, 0
348, terralith:zpointer/minecraft_meadow, HEADING, header:ignore, 0, 0, 0
349, idas:brickhouse, HEADING, header:ignore, 0, 0, 0
350, idas:ancient_statue/ancient_statue_desert, HEADING, header:ignore, 0, 0, 0
351, towns_and_towers:village_meadow, HEADING, header:ignore, 0, 0, 0
352, terralith:zpointer/terralith_skylands_spring, HEADING, header:ignore, 0, 0, 0
353, ctov:medium/village_mountain, HEADING, header:ignore, 0, 0, 0
354, terralith:zpointer/terralith_skylands_winter, HEADING, header:ignore, 0, 0, 0
355, idas:hunters_cabin, HEADING, header:ignore, 0, 0, 0
356, idas:apothecary_abode, HEADING, header:ignore, 0, 0, 0
357, terralith:zpointer/terralith_gravel_beach, HEADING, header:ignore, 0, 0, 0
358, betterdungeons:skeleton_dungeon, HEADING, header:ignore, 0, 0, 0
359, betterdungeons:skeleton_dungeon, MONSTER, minecraft:skeleton, 80, 4, 15
360, terralith:zpointer/minecraft_windswept_savanna, HEADING, header:ignore, 0, 0, 0
361, betterdungeons:spider_dungeon, HEADING, header:ignore, 0, 0, 0
362, betterdungeons:spider_dungeon, MONSTER, minecraft:spider, 80, 4, 15
363, betterdungeons:spider_dungeon, MONSTER, minecraft:cave_spider, 50, 4, 8
364, towns_and_towers:exclusives/village_classic, HEADING, header:ignore, 0, 0, 0
365, ctov:pillager_outpost_taiga, HEADING, header:ignore, 0, 0, 0
366, ctov:pillager_outpost_taiga, MONSTER, minecraft:pillager, 10, 1, 1
367, ctov:pillager_outpost_taiga, MONSTER, minecraft:evoker, 10, 1, 1
368, ctov:pillager_outpost_taiga, MONSTER, minecraft:vindicator, 10, 1, 1
369, ctov:pillager_outpost_taiga, MONSTER, minecraft:witch, 10, 1, 1
370, terralith:zpointer/minecraft_mushroom_fields, HEADING, header:ignore, 0, 0, 0
371, terralith:zpointer/terralith_fractured_savanna, HEADING, header:ignore, 0, 0, 0
372, terralith:underground/mining_outpost, HEADING, header:ignore, 0, 0, 0
373, ctov:pillager_outpost_snowy, HEADING, header:ignore, 0, 0, 0
374, ctov:pillager_outpost_snowy, MONSTER, minecraft:pillager, 10, 1, 1
375, ctov:pillager_outpost_snowy, MONSTER, minecraft:evoker, 10, 1, 1
376, ctov:pillager_outpost_snowy, MONSTER, minecraft:vindicator, 10, 1, 1
377, ctov:pillager_outpost_snowy, MONSTER, minecraft:witch, 10, 1, 1
378, terralith:zpointer/terralith_emerald_peaks, HEADING, header:ignore, 0, 0, 0
379, terralith:zpointer/minecraft_dark_forest, HEADING, header:ignore, 0, 0, 0
380, towns_and_towers:pillager_outpost_savanna, HEADING, header:ignore, 0, 0, 0
381, towns_and_towers:pillager_outpost_savanna, MONSTER, minecraft:pillager, 10, 1, 2
382, bettermineshafts:mineshaft_red_desert, HEADING, header:ignore, 0, 0, 0
383, bettermineshafts:mineshaft_red_desert, AMBIENT, alexsmobs:underminer, 50, 1, 1
384, idas:redhorn_guild, HEADING, header:ignore, 0, 0, 0
385, terralith:zpointer/terralith_skylands_autumn, HEADING, header:ignore, 0, 0, 0
386, terralith:underground_cabin, HEADING, header:ignore, 0, 0, 0
387, ctov:small/village_beach, HEADING, header:ignore, 0, 0, 0
388, dungeons_arise:lighthouse, HEADING, header:ignore, 0, 0, 0
389, terralith:zpointer/terralith_yellowstone, HEADING, header:ignore, 0, 0, 0
390, terralith:zpointer/terralith_alpha_islands_winter, HEADING, header:ignore, 0, 0, 0
391, idas:underground_camp/underground_camp_deep, HEADING, header:ignore, 0, 0, 0
392, ctov:small/village_snowy, HEADING, header:ignore, 0, 0, 0
393, bettermineshafts:mineshaft_ice, HEADING, header:ignore, 0, 0, 0
394, bettermineshafts:mineshaft_ice, AMBIENT, alexsmobs:underminer, 50, 1, 1
395, terralith:zpointer/minecraft_wooded_badlands, HEADING, header:ignore, 0, 0, 0
396, terralith:zpointer/terralith_warm_river, HEADING, header:ignore, 0, 0, 0
397, terralith:zpointer/minecraft_eroded_badlands, HEADING, header:ignore, 0, 0, 0
398, towns_and_towers:exclusives/pillager_outpost_swedish, HEADING, header:ignore, 0, 0, 0
399, towns_and_towers:exclusives/pillager_outpost_swedish, MONSTER, minecraft:pillager, 10, 1, 2
400, terralith:zpointer/terralith_snowy_maple_forest, HEADING, header:ignore, 0, 0, 0
401, idas:ancient_mines, HEADING, header:ignore, 0, 0, 0
402, idas:ancient_mines, MONSTER, minecraft:silverfish, 10, 1, 1
403, idas:ancient_mines, MONSTER, quark:wraith, 10, 1, 1
404, towns_and_towers:exclusives/village_swedish, HEADING, header:ignore, 0, 0, 0
405, terralith:zpointer/minecraft_birch_forest, HEADING, header:ignore, 0, 0, 0
406, ctov:large/village_snowy, HEADING, header:ignore, 0, 0, 0
407, terralith:zpointer/minecraft_beach, HEADING, header:ignore, 0, 0, 0
408, idas:washing_camp, HEADING, header:ignore, 0, 0, 0
409, towns_and_towers:exclusives/pillager_outpost_classic, HEADING, header:ignore, 0, 0, 0
410, towns_and_towers:exclusives/pillager_outpost_classic, MONSTER, minecraft:pillager, 10, 1, 2
411, towns_and_towers:pillager_outpost_mushroom_fields, HEADING, header:ignore, 0, 0, 0
412, idas:animal_den/forest_den, HEADING, header:ignore, 0, 0, 0
413, ctov:medium/village_beach, HEADING, header:ignore, 0, 0, 0
414, dungeons_arise:illager_corsair, HEADING, header:ignore, 0, 0, 0
415, friendsandfoes:illusioner_training_grounds, HEADING, header:ignore, 0, 0, 0
416, friendsandfoes:illusioner_training_grounds, MONSTER, minecraft:illusioner, 10, 1, 1
417, friendsandfoes:illusioner_training_grounds, MONSTER, minecraft:pillager, 10, 1, 2
418, idas:witches_treestump, HEADING, header:ignore, 0, 0, 0
419, idas:witches_treestump, MONSTER, minecraft:witch, 10, 1, 1
420, idas:witches_treestump, CREATURE, minecraft:cat, 10, 1, 1
421, terralith:zpointer/minecraft_badlands, HEADING, header:ignore, 0, 0, 0
422, idas:cottage, HEADING, header:ignore, 0, 0, 0
423, terralith:zpointer/terralith_brushland, HEADING, header:ignore, 0, 0, 0
424, terralith:zpointer/terralith_caldera, HEADING, header:ignore, 0, 0, 0
425, totw_modded:glacio, HEADING, header:ignore, 0, 0, 0
426, terralith:zpointer/minecraft_bamboo_jungle, HEADING, header:ignore, 0, 0, 0
427, terralith:zpointer/terralith_shrubland, HEADING, header:ignore, 0, 0, 0
428, dungeons_arise:bandit_village, HEADING, header:ignore, 0, 0, 0
429, terralith:zpointer/minecraft_ocean, HEADING, header:ignore, 0, 0, 0
430, ctov:small/village_mountain, HEADING, header:ignore, 0, 0, 0
431, towns_and_towers:exclusives/village_tudor, HEADING, header:ignore, 0, 0, 0
432, towns_and_towers:exclusives/pillager_outpost_mediterranean, HEADING, header:ignore, 0, 0, 0
433, towns_and_towers:exclusives/pillager_outpost_mediterranean, MONSTER, minecraft:pillager, 10, 1, 2
434, terralith:zpointer/terralith_alpine_highlands, HEADING, header:ignore, 0, 0, 0
435, towns_and_towers:village_old_growth_taiga, HEADING, header:ignore, 0, 0, 0
436, terralith:zpointer/terralith_wintry_forest, HEADING, header:ignore, 0, 0, 0
437, towns_and_towers:exclusives/pillager_outpost_rustic, HEADING, header:ignore, 0, 0, 0
438, towns_and_towers:exclusives/pillager_outpost_rustic, MONSTER, minecraft:pillager, 10, 1, 2
439, idas:sunken_ship/sunken_ship, HEADING, header:ignore, 0, 0, 0
440, idas:sunken_ship/sunken_ship, MONSTER, quark:wraith, 10, 1, 2
441, towns_and_towers:pillager_outpost_birch_forest, HEADING, header:ignore, 0, 0, 0
442, towns_and_towers:pillager_outpost_birch_forest, MONSTER, minecraft:pillager, 10, 1, 2
443, idas:sunken_ship/sunken_ship_coral, HEADING, header:ignore, 0, 0, 0
444, idas:sunken_ship/sunken_ship_coral, MONSTER, quark:wraith, 10, 1, 2
445, terralith:zpointer/terralith_blooming_valley, HEADING, header:ignore, 0, 0, 0
446, aquamirae:ice_maze/arch, HEADING, header:ignore, 0, 0, 0
447, aquamirae:ice_maze/arch, MONSTER, aquamirae:maw, 50, 1, 2
448, aquamirae:ice_maze/arch, AMBIENT, aquamirae:golden_moth, 10, 1, 2
449, idas:ruins_of_the_deep, HEADING, header:ignore, 0, 0, 0
450, dungeons_arise:shiraz_palace, HEADING, header:ignore, 0, 0, 0
451, idas:tinkers_workshop, HEADING, header:ignore, 0, 0, 0
452, terralith:zpointer/terralith_mirage_isles, HEADING, header:ignore, 0, 0, 0
453, dungeons_arise:jungle_tree_house, HEADING, header:ignore, 0, 0, 0
454, terralith:zpointer/terralith_granite_cliffs, HEADING, header:ignore, 0, 0, 0
455, betteroceanmonuments:ocean_monument, HEADING, header:ignore, 0, 0, 0
456, betteroceanmonuments:ocean_monument, MONSTER, minecraft:guardian, 10, 0, 0
457, towns_and_towers:village_flower_forest, HEADING, header:ignore, 0, 0, 0
458, towns_and_towers:village_sunflower_plains, HEADING, header:ignore, 0, 0, 0
459, idas:lumber_camp/lumber_camp_jungle, HEADING, header:ignore, 0, 0, 0
460, terralith:zpointer/terralith_white_mesa, HEADING, header:ignore, 0, 0, 0
461, idas:animal_den/polar_bear_den, HEADING, header:ignore, 0, 0, 0
462, terralith:zpointer/terralith_lush_valley, HEADING, header:ignore, 0, 0, 0
463, terralith:fortified_desert_village, HEADING, header:ignore, 0, 0, 0
464, towns_and_towers:village_mushroom_fields, HEADING, header:ignore, 0, 0, 0
465, incendium:nether_reactor, HEADING, header:ignore, 0, 0, 0
466, towns_and_towers:pillager_outpost_meadow, HEADING, header:ignore, 0, 0, 0
467, towns_and_towers:pillager_outpost_meadow, MONSTER, minecraft:pillager, 10, 1, 2
468, dungeons_arise:thornborn_towers, HEADING, header:ignore, 0, 0, 0
469, terralith:zpointer/minecraft_cold_ocean, HEADING, header:ignore, 0, 0, 0
470, terralith:zpointer/minecraft_lush_caves, HEADING, header:ignore, 0, 0, 0
471, terralith:zpointer/minecraft_savanna, HEADING, header:ignore, 0, 0, 0
472, terralith:zpointer/minecraft_frozen_ocean, HEADING, header:ignore, 0, 0, 0
473, terralith:zpointer/terralith_gravel_desert, HEADING, header:ignore, 0, 0, 0
474, totw_additions:end_tower, HEADING, header:ignore, 0, 0, 0
475, idas:lumber_camp/lumber_camp_oak, HEADING, header:ignore, 0, 0, 0
476, dungeons_arise:coliseum, HEADING, header:ignore, 0, 0, 0
477, idas:fishermans_lodge, HEADING, header:ignore, 0, 0, 0
478, terralith:zpointer/terralith_haze_mountain, HEADING, header:ignore, 0, 0, 0
479, totw_modded:mars, HEADING, header:ignore, 0, 0, 0
480, towns_and_towers:pillager_outpost_flower_forest, HEADING, header:ignore, 0, 0, 0
481, towns_and_towers:pillager_outpost_flower_forest, MONSTER, minecraft:pillager, 10, 1, 2
482, towns_and_towers:village_badlands, HEADING, header:ignore, 0, 0, 0
483, towns_and_towers:mimic_desert, HEADING, header:ignore, 0, 0, 0
484, betterdungeons:small_dungeon, HEADING, header:ignore, 0, 0, 0
485, terralith:zpointer/minecraft_snowy_taiga, HEADING, header:ignore, 0, 0, 0
486, incendium:abandoned_tower, HEADING, header:ignore, 0, 0, 0
487, paraglider:nether_horned_statue, HEADING, header:ignore, 0, 0, 0
488, integrated_stronghold:stronghold, HEADING, header:ignore, 0, 0, 0
489, integrated_stronghold:stronghold, MONSTER, minecraft:silverfish, 10, 1, 3
490, integrated_stronghold:stronghold, MONSTER, minecraft:enderman, 10, 1, 1
491, idas:lumber_camp/lumber_camp_bygmahogany, HEADING, header:ignore, 0, 0, 0
492, dungeons_arise:bandit_towers, HEADING, header:ignore, 0, 0, 0
493, cataclysm:ancient_factory, HEADING, header:ignore, 0, 0, 0
494, dungeons_arise:merchant_campsite, HEADING, header:ignore, 0, 0, 0
495, terralith:zpointer/minecraft_snowy_slopes, HEADING, header:ignore, 0, 0, 0
496, paraglider:underground_horned_statue, HEADING, header:ignore, 0, 0, 0
497, terralith:zpointer/terralith_rocky_mountains, HEADING, header:ignore, 0, 0, 0
498, dungeons_arise:infested_temple, HEADING, header:ignore, 0, 0, 0
499, incendium:infernal_altar, HEADING, header:ignore, 0, 0, 0
500, ctov:pillager_outpost_badlands, HEADING, header:ignore, 0, 0, 0
501, ctov:pillager_outpost_badlands, MONSTER, minecraft:pillager, 10, 1, 5
502, ctov:pillager_outpost_badlands, MONSTER, minecraft:evoker, 10, 1, 1
503, ctov:pillager_outpost_badlands, MONSTER, minecraft:vindicator, 10, 1, 3
504, ctov:pillager_outpost_badlands, MONSTER, minecraft:witch, 10, 1, 1
505, dungeons_arise:giant_mushroom, HEADING, header:ignore, 0, 0, 0
506, towns_and_towers:pillager_outpost_ocean, HEADING, header:ignore, 0, 0, 0
507, towns_and_towers:pillager_outpost_ocean, MONSTER, minecraft:pillager, 10, 1, 2
508, towns_and_towers:pillager_outpost_beach, HEADING, header:ignore, 0, 0, 0
509, towns_and_towers:pillager_outpost_beach, MONSTER, minecraft:pillager, 10, 1, 2
510, dungeons_arise:monastery, HEADING, header:ignore, 0, 0, 0
511, incendium:ruined_lab, HEADING, header:ignore, 0, 0, 0
512, terralith:zpointer/terralith_ice_marsh, HEADING, header:ignore, 0, 0, 0
513, terralith:zpointer/minecraft_old_growth_birch_forest, HEADING, header:ignore, 0, 0, 0
514, witherstormmod:bowels, HEADING, header:ignore, 0, 0, 0
515, ctov:pillager_outpost_savanna, HEADING, header:ignore, 0, 0, 0
516, ctov:pillager_outpost_savanna, MONSTER, minecraft:pillager, 10, 1, 1
517, ctov:pillager_outpost_savanna, MONSTER, minecraft:evoker, 10, 1, 1
518, ctov:pillager_outpost_savanna, MONSTER, minecraft:vindicator, 10, 1, 1
519, ctov:pillager_outpost_savanna, MONSTER, minecraft:witch, 10, 1, 1
520, dungeons_arise:heavenly_challenger, HEADING, header:ignore, 0, 0, 0
521, dungeons_arise:plague_asylum, HEADING, header:ignore, 0, 0, 0
522, terralith:zpointer/terralith_yosemite_lowlands, HEADING, header:ignore, 0, 0, 0
523, towns_and_towers:village_ocean, HEADING, header:ignore, 0, 0, 0
524, terralith:zpointer/minecraft_deep_warm_ocean, HEADING, header:ignore, 0, 0, 0
525, ctov:medium/village_dark_forest, HEADING, header:ignore, 0, 0, 0
526, terralith:zpointer/minecraft_frozen_peaks, HEADING, header:ignore, 0, 0, 0
527, friendsandfoes:citadel, HEADING, header:ignore, 0, 0, 0
528, friendsandfoes:citadel, MONSTER, minecraft:blaze, 10, 1, 2
529, dungeons_arise:illager_campsite, HEADING, header:ignore, 0, 0, 0
530, ctov:large/village_desert, HEADING, header:ignore, 0, 0, 0
531, dungeons_arise:fishing_hut, HEADING, header:ignore, 0, 0, 0
532, totw_modded:venus, HEADING, header:ignore, 0, 0, 0
533, ctov:medium/village_snowy, HEADING, header:ignore, 0, 0, 0
534, bettermineshafts:mineshaft_spruce, HEADING, header:ignore, 0, 0, 0
535, bettermineshafts:mineshaft_spruce, AMBIENT, alexsmobs:underminer, 50, 1, 1
536, terralith:zpointer/terralith_lavender_forest, HEADING, header:ignore, 0, 0, 0
537, dungeons_arise:keep_kayra, HEADING, header:ignore, 0, 0, 0
538, terralith:underground/oak_cabin, HEADING, header:ignore, 0, 0, 0
539, terralith:zpointer/minecraft_deep_ocean, HEADING, header:ignore, 0, 0, 0
540, terralith:zpointer/terralith_yosemite_cliffs, HEADING, header:ignore, 0, 0, 0
541, terralith:zpointer/minecraft_snowy_beach, HEADING, header:ignore, 0, 0, 0
542, bettermineshafts:mineshaft_jungle, HEADING, header:ignore, 0, 0, 0
543, bettermineshafts:mineshaft_jungle, AMBIENT, alexsmobs:underminer, 50, 1, 1
544, supplementaries:way_sign, HEADING, header:ignore, 0, 0, 0
545, terralith:zpointer/terralith_frozen_cliffs, HEADING, header:ignore, 0, 0, 0
546, towns_and_towers:pillager_outpost_wooded_badlands, HEADING, header:ignore, 0, 0, 0
547, towns_and_towers:pillager_outpost_wooded_badlands, MONSTER, minecraft:pillager, 10, 1, 2
548, terralith:zpointer/minecraft_swamp, HEADING, header:ignore, 0, 0, 0
549, totw_modded:moon, HEADING, header:ignore, 0, 0, 0
550, bettermineshafts:mineshaft_lush, HEADING, header:ignore, 0, 0, 0
551, bettermineshafts:mineshaft_lush, AMBIENT, alexsmobs:underminer, 50, 1, 1
552, ctov:medium/village_mesa, HEADING, header:ignore, 0, 0, 0
553, ctov:pillager_outpost_mesa, HEADING, header:ignore, 0, 0, 0
554, ctov:pillager_outpost_mesa, MONSTER, minecraft:pillager, 10, 1, 5
555, ctov:pillager_outpost_mesa, MONSTER, minecraft:evoker, 10, 1, 1
556, ctov:pillager_outpost_mesa, MONSTER, minecraft:vindicator, 10, 1, 3
557, ctov:pillager_outpost_mesa, MONSTER, minecraft:witch, 10, 1, 1
558, idas:ancient_statue/ancient_statue_plains, HEADING, header:ignore, 0, 0, 0
559, dungeons_arise:illager_galley, HEADING, header:ignore, 0, 0, 0
560, idas:winter_wagon, HEADING, header:ignore, 0, 0, 0
561, ctov:medium/village_jungle, HEADING, header:ignore, 0, 0, 0
562, terralith:zpointer/minecraft_old_growth_spruce_taiga, HEADING, header:ignore, 0, 0, 0
563, idas:lumber_camp/lumber_camp_bopredwood, HEADING, header:ignore, 0, 0, 0
564, terralith:zpointer/minecraft_jagged_peaks, HEADING, header:ignore, 0, 0, 0
565, cataclysm:sunken_city, HEADING, header:ignore, 0, 0, 0
566, dungeons_arise:ceryneian_hind, HEADING, header:ignore, 0, 0, 0
567, terralith:zpointer/terralith_skylands_summer, HEADING, header:ignore, 0, 0, 0
568, totw_modded:ice, HEADING, header:ignore, 0, 0, 0
569, terralith:underground/sunken_tower, HEADING, header:ignore, 0, 0, 0
570, terralith:zpointer/terralith_rocky_shrubland, HEADING, header:ignore, 0, 0, 0
571, betterdungeons:zombie_dungeon, HEADING, header:ignore, 0, 0, 0
572, betterdungeons:zombie_dungeon, MONSTER, minecraft:zombie, 80, 4, 15
573, incendium:quartz_kitchen, HEADING, header:ignore, 0, 0, 0
574, terralith:zpointer/minecraft_stony_peaks, HEADING, header:ignore, 0, 0, 0
575, dungeons_arise:mining_system, HEADING, header:ignore, 0, 0, 0
576, ctov:pillager_outpost_dark_forest, HEADING, header:ignore, 0, 0, 0
577, ctov:pillager_outpost_dark_forest, MONSTER, minecraft:pillager, 10, 1, 1
578, ctov:pillager_outpost_dark_forest, MONSTER, minecraft:evoker, 10, 1, 1
579, ctov:pillager_outpost_dark_forest, MONSTER, minecraft:vindicator, 10, 1, 1
580, ctov:pillager_outpost_dark_forest, MONSTER, minecraft:witch, 10, 1, 1
581, terralith:zpointer/terralith_mountain_steppe, HEADING, header:ignore, 0, 0, 0
582, terralith:zpointer/minecraft_deep_cold_ocean, HEADING, header:ignore, 0, 0, 0
583, towns_and_towers:exclusives/village_rustic, HEADING, header:ignore, 0, 0, 0
584, totw_additions:nether_tower, HEADING, header:ignore, 0, 0, 0
585, terralith:zpointer/minecraft_snowy_plains, HEADING, header:ignore, 0, 0, 0
586, terralith:zpointer/terralith_windswept_spires, HEADING, header:ignore, 0, 0, 0
587, idas:lumber_camp/lumber_camp_spruce, HEADING, header:ignore, 0, 0, 0
588, terralith:zpointer/minecraft_flower_forest, HEADING, header:ignore, 0, 0, 0
589, ctov:medium/village_desert, HEADING, header:ignore, 0, 0, 0
590, totw_modded:tw_canopy, HEADING, header:ignore, 0, 0, 0
591, dungeons_arise:abandoned_temple, HEADING, header:ignore, 0, 0, 0
592, dungeons_arise:abandoned_temple, MONSTER, minecraft:stray, 10, 1, 1
593, betterwitchhuts:witch_circle, HEADING, header:ignore, 0, 0, 0
594, betterwitchhuts:witch_circle, MONSTER, minecraft:witch, 10, 1, 1
595, betterwitchhuts:witch_circle, CREATURE, minecraft:cat, 10, 1, 1
596, terralith:zpointer/terralith_glacial_chasm, HEADING, header:ignore, 0, 0, 0
597, terralith:zpointer/minecraft_old_growth_pine_taiga, HEADING, header:ignore, 0, 0, 0
598, terralith:zpointer/terralith_ancient_sands, HEADING, header:ignore, 0, 0, 0
599, incendium:forbidden_castle, HEADING, header:ignore, 0, 0, 0
600, friendsandfoes:illusioner_shack, HEADING, header:ignore, 0, 0, 0
601, friendsandfoes:illusioner_shack, MONSTER, minecraft:illusioner, 10, 1, 1
602, towns_and_towers:exclusives/village_iberian, HEADING, header:ignore, 0, 0, 0
603, ctov:pillager_outpost_jungle, HEADING, header:ignore, 0, 0, 0
604, ctov:pillager_outpost_jungle, MONSTER, minecraft:pillager, 10, 1, 1
605, ctov:pillager_outpost_jungle, MONSTER, minecraft:evoker, 10, 1, 1
606, ctov:pillager_outpost_jungle, MONSTER, minecraft:vindicator, 10, 1, 1
607, ctov:pillager_outpost_jungle, MONSTER, minecraft:witch, 10, 1, 1
608, bettermineshafts:mineshaft_desert, HEADING, header:ignore, 0, 0, 0
609, bettermineshafts:mineshaft_desert, AMBIENT, alexsmobs:underminer, 50, 1, 1
610, towns_and_towers:village_sparse_jungle, HEADING, header:ignore, 0, 0, 0
611, terralith:zpointer/terralith_amethyst_rainforest, HEADING, header:ignore, 0, 0, 0
612, terralith:zpointer/terralith_basalt_cliffs, HEADING, header:ignore, 0, 0, 0
613, terralith:zpointer/terralith_steppe, HEADING, header:ignore, 0, 0, 0
614, terralith:zpointer/terralith_highlands, HEADING, header:ignore, 0, 0, 0
615, dungeons_arise:scorched_mines, HEADING, header:ignore, 0, 0, 0
616, ctov:small/village_dark_forest, HEADING, header:ignore, 0, 0, 0
617, idas:ancient_portal/nether_ancient_portal, HEADING, header:ignore, 0, 0, 0
618, idas:ancient_portal/nether_ancient_portal, MONSTER, quark:wraith, 10, 1, 1
619, terralith:zpointer/minecraft_warm_ocean, HEADING, header:ignore, 0, 0, 0
620, bettermineshafts:mineshaft_acacia, HEADING, header:ignore, 0, 0, 0
621, bettermineshafts:mineshaft_acacia, AMBIENT, alexsmobs:underminer, 50, 1, 1
622, idas:beekeepers_house, HEADING, header:ignore, 0, 0, 0
623, dungeons_arise:foundry, HEADING, header:ignore, 0, 0, 0
624, dungeons_arise:undead_pirate_ship, HEADING, header:ignore, 0, 0, 0
625, ctov:pillager_outpost_plains, HEADING, header:ignore, 0, 0, 0
626, ctov:pillager_outpost_plains, MONSTER, minecraft:pillager, 10, 1, 1
627, ctov:pillager_outpost_plains, MONSTER, minecraft:evoker, 10, 1, 1
628, ctov:pillager_outpost_plains, MONSTER, minecraft:vindicator, 10, 1, 1
629, ctov:pillager_outpost_plains, MONSTER, minecraft:witch, 10, 1, 1
630, friendsandfoes:iceologer_cabin, HEADING, header:ignore, 0, 0, 0
631, friendsandfoes:iceologer_cabin, MONSTER, minecraft:pig, 10, 1, 1
632, aquamirae:ice_maze/common, HEADING, header:ignore, 0, 0, 0
633, aquamirae:ice_maze/common, MONSTER, aquamirae:maw, 50, 1, 2
634, ctov:large/village_beach, HEADING, header:ignore, 0, 0, 0
635, bettermineshafts:mineshaft_mesa, HEADING, header:ignore, 0, 0, 0
636, bettermineshafts:mineshaft_mesa, AMBIENT, alexsmobs:underminer, 50, 1, 1
637, dungeons_arise:mushroom_mines, HEADING, header:ignore, 0, 0, 0
638, towns_and_towers:pillager_outpost_swamp, HEADING, header:ignore, 0, 0, 0
639, towns_and_towers:pillager_outpost_swamp, MONSTER, minecraft:pillager, 10, 1, 2
640, terralith:zpointer/terralith_shield_clearing, HEADING, header:ignore, 0, 0, 0
641, totw_modded:desert, HEADING, header:ignore, 0, 0, 0
642, idas:lumber_camp/lumber_camp_acacia, HEADING, header:ignore, 0, 0, 0
643, ctov:medium/village_taiga, HEADING, header:ignore, 0, 0, 0
